{
    "easyGoVersion": "1.0",
    "client": "com.Jesse205.aidelua2",
    "logicEntities": [
        {
            "head": {
                "function": "magicwindow",
                "required": "true"
            },
            "body": {
                "mode": "1",
                "activityPairs": [
                    {
                        "from": "com.androlua.Main",
                        "to": "*"
                    },
                    {
                        "from": "com.androlua.LuaActivityX",
                        "to": "*"
                    }
                ],
                "transActivities": [],
                "Activities": [],
                "UX": {
                    "supportLock": "true",
                    "isDraggable": "true"
                }
            }
        }
    ]
}