{
    "easyGoVersion": "1.0",
    "client": "{{appPackageName}}",
    "logicEntities": [
        {
            "head": {
                "function": "magicwindow",
                "required": "true"
            },
            "body": {
                "mode": "1",
                "activityPairs": [
                    {
                        "from": "{{appMainActivity}}",
                        "to": "*"
                    },
                    {
                        "from": "{{appLuaActivityX}}",
                        "to": "*"
                    }
                ],
                "transActivities": [],
                "Activities": [],
                "UX": {
                    "supportRotationUxCompat": "false",
                    "isDraggable": "true",
                    "supportVideoFullscreen": "false",
                    "supportDraggingToFullScreen": "ALL",
                    "supportLock": "true",
                    "draggingToFreeForm": "app"
                }
            }
        }
    ]
}